City_ID,City,Country,Lat,Lng,Max Temp,Humidity,Cloudiness,Wind Speed,Current Description
0,Rikitea,PF,-23.1203,-134.9692,73.85,58,19,3.42,few clouds
1,Puerto Ayora,EC,-0.7393,-90.3518,69.04,83,72,8.01,broken clouds
2,Dovolnoye,RU,54.4958,79.6671,14.99,83,100,12.57,overcast clouds
3,Ushuaia,AR,-54.8,-68.3,33.46,93,75,25.32,light snow
4,Hasaki,JP,35.7333,140.8333,63.28,57,96,5.7,overcast clouds
5,Cayenne,GF,4.9333,-52.3333,80.1,88,20,0.0,few clouds
6,Saskylakh,RU,71.9167,114.0833,-17.59,98,95,4.47,overcast clouds
7,Punta Arenas,CL,-53.15,-70.9167,39.31,70,40,20.71,scattered clouds
8,Arraial Do Cabo,BR,-22.9661,-42.0278,70.34,71,95,11.54,overcast clouds
9,Boone,US,39.0334,-92.3335,52.65,70,100,1.99,overcast clouds
10,Hermanus,ZA,-34.4187,19.2345,63.81,80,85,16.84,overcast clouds
11,Grand Gaube,MU,-20.0064,57.6608,79.38,70,14,11.01,light rain
12,Vaini,TO,-21.2,-175.2,82.56,89,75,6.91,light intensity drizzle
13,Mahebourg,MU,-20.4081,57.7,79.25,69,24,10.67,light rain
14,Nanortalik,GL,60.1432,-45.2371,37.71,99,100,10.4,moderate rain
15,Shenjiamen,CN,29.9576,122.298,62.87,86,86,7.83,overcast clouds
16,Alugan,PH,12.2188,125.4808,84.51,74,48,6.67,scattered clouds
17,Naze,JP,28.3667,129.4833,70.02,77,96,14.25,overcast clouds
18,Barrow,US,71.2906,-156.7887,-0.38,78,75,9.22,broken clouds
19,Bridlington,GB,54.0831,-0.1919,42.53,75,42,21.52,scattered clouds
20,Bossangoa,CF,6.4926,17.4552,72.84,70,76,3.65,broken clouds
21,Ambunti,PG,-4.2365,142.8448,88.38,66,57,1.54,broken clouds
22,Port Hardy,CA,50.6996,-127.4199,44.29,87,100,12.73,light rain
23,Fenoarivo,MG,-18.933,47.4354,66.27,82,75,9.22,broken clouds
24,Dejen,ET,10.1667,38.1333,51.87,62,34,2.84,scattered clouds
25,Suraabad,AZ,40.8192,49.4687,44.78,83,60,10.78,broken clouds
26,Puerto Escondido,MX,15.85,-97.0667,78.51,78,0,4.74,clear sky
27,Isangel,VU,-19.55,169.2667,79.68,70,100,7.72,overcast clouds
28,Atuona,PF,-9.8,-139.0333,78.51,75,9,12.59,clear sky
29,Richards Bay,ZA,-28.783,32.0377,65.16,83,100,5.17,overcast clouds
30,Necochea,AR,-38.5473,-58.7368,61.03,85,75,5.7,broken clouds
31,Lorengau,PG,-2.0226,147.2712,85.68,62,25,5.46,scattered clouds
32,Sola,VU,-13.8833,167.55,80.56,74,100,10.2,overcast clouds
33,Luneville,FR,48.6,6.5,40.01,92,2,6.53,clear sky
34,Aklavik,CA,68.2191,-135.0107,-0.08,95,100,3.27,overcast clouds
35,Torbay,CA,47.6666,-52.7314,35.58,90,90,11.5,light shower snow
36,Moose Jaw,CA,50.4001,-105.5344,23.25,85,99,16.64,overcast clouds
37,Kantang,TH,7.4054,99.5156,87.53,63,79,2.48,broken clouds
38,Tuktoyaktuk,CA,69.4541,-133.0374,1.27,93,100,1.1,overcast clouds
39,Bredasdorp,ZA,-34.5322,20.0403,63.28,81,100,14.32,light rain
40,Bluff,NZ,-46.6,168.3333,55.06,88,100,15.1,light rain
41,Isabela,PH,6.7085,121.9711,85.44,75,47,3.02,scattered clouds
42,Sitka,US,57.0531,-135.33,42.69,81,90,14.97,light rain
43,Carnarvon,AU,-24.8667,113.6333,73.47,78,90,13.8,overcast clouds
44,Albany,US,42.6001,-73.9662,40.8,68,100,4.68,overcast clouds
45,Springdale,US,36.1867,-94.1288,56.93,65,90,4.0,overcast clouds
46,Lebu,CL,-37.6167,-73.65,52.27,93,9,15.32,clear sky
47,Saint-Philippe,RE,-21.3585,55.7679,81.48,76,36,10.45,scattered clouds
48,Whitehorse,CA,60.7161,-135.0538,-5.03,77,90,0.0,light snow
49,Avarua,CK,-21.2078,-159.775,78.85,69,0,9.22,clear sky
50,Nouakchott,MR,18.0858,-15.9785,78.73,61,99,13.73,overcast clouds
51,New Norfolk,AU,-42.7826,147.0587,64.76,53,49,1.99,scattered clouds
52,Kavieng,PG,-2.5744,150.7967,82.47,75,92,9.89,moderate rain
53,Esperance,AU,-33.8667,121.9,78.33,40,0,13.02,clear sky
54,Pajapan,MX,18.25,-94.7,71.76,88,86,5.97,overcast clouds
55,Kupang,ID,-10.1667,123.5833,88.38,74,40,9.22,scattered clouds
56,Fuyu,CN,45.1833,124.8167,23.41,79,100,9.42,overcast clouds
57,Veraval,IN,20.9,70.3667,83.79,54,70,13.8,broken clouds
58,Haimen,CN,23.1935,116.6142,73.9,70,27,9.13,scattered clouds
59,Maniitsoq,GL,65.4167,-52.9,32.7,85,100,33.08,light snow
60,Lunenburg,CA,44.3835,-64.3155,30.22,94,6,3.83,clear sky
61,Ulladulla,AU,-35.35,150.4667,60.76,89,100,8.05,light rain
62,Balikpapan,ID,-1.2675,116.8289,85.19,79,20,6.91,few clouds
63,Bam,IR,29.106,58.357,59.22,24,0,2.04,clear sky
64,Provideniya,RU,64.3833,-173.3,5.4,75,0,8.52,clear sky
65,Kapaa,US,22.0752,-159.319,80.58,84,90,4.61,moderate rain
66,Dubbo,AU,-32.25,148.6167,62.73,94,75,6.91,light rain
67,Busselton,AU,-33.65,115.3333,86.09,56,98,10.22,moderate rain
68,Chapais,CA,49.7834,-74.8492,29.98,95,100,12.55,light snow
69,Fortuna,US,40.5982,-124.1573,47.32,94,1,8.05,clear sky
70,Santa Maria,BR,-29.6842,-53.8069,62.15,49,0,3.36,clear sky
71,Yeppoon,AU,-23.1333,150.7333,83.98,59,86,13.94,overcast clouds
72,Darhan,MN,49.4867,105.9228,12.9,53,19,2.71,few clouds
73,Bambous Virieux,MU,-20.3428,57.7575,79.21,69,29,11.01,light rain
74,Norman Wells,CA,65.282,-126.8329,-8.5,99,67,3.11,broken clouds
75,Banff,CA,51.1762,-115.5698,19.49,98,85,5.01,overcast clouds
76,Maitum,PH,6.0392,124.4986,85.96,73,34,5.91,scattered clouds
77,Clyde River,CA,70.4692,-68.5914,3.43,85,91,13.8,overcast clouds
78,Otavalo,EC,0.2333,-78.2667,53.82,95,100,1.99,overcast clouds
79,Yellowknife,CA,62.456,-114.3525,-4.72,97,21,6.44,few clouds
80,Impfondo,CG,1.6381,18.0667,69.64,98,71,1.88,broken clouds
81,Broome,US,42.2506,-75.833,40.01,69,90,1.99,overcast clouds
82,Cape Town,ZA,-33.9258,18.4232,64.11,70,0,6.91,clear sky
83,Ribeira Grande,PT,38.5167,-28.7,61.93,87,100,27.98,overcast clouds
84,Nikolskoye,RU,59.7035,30.7861,35.49,88,96,5.32,overcast clouds
85,Castro,BR,-24.7911,-50.0119,54.61,94,41,8.66,scattered clouds
86,Chuy,UY,-33.6971,-53.4616,60.4,86,0,4.0,clear sky
87,Port Keats,AU,-14.25,129.55,90.34,61,100,14.0,light rain
88,Tautira,PF,-17.7333,-149.15,84.0,68,13,12.57,few clouds
89,Georgetown,MY,5.4112,100.3354,85.95,74,40,8.05,scattered clouds
90,Hithadhoo,MV,-0.6,73.0833,79.86,85,100,16.42,moderate rain
91,East London,ZA,-33.0153,27.9116,62.64,87,100,7.29,light rain
92,Port Elizabeth,ZA,-33.918,25.5701,65.1,84,100,15.28,overcast clouds
93,Grindavik,IS,63.8424,-22.4338,32.47,100,90,20.71,light snow
94,Ponta Do Sol,PT,32.6667,-17.1,66.13,63,100,6.8,overcast clouds
95,Hilo,US,19.7297,-155.09,76.73,87,90,3.44,overcast clouds
96,Oistins,BB,13.0667,-59.5333,77.94,78,53,9.28,broken clouds
97,Airai,TL,-8.9266,125.4092,77.13,56,84,1.48,broken clouds
98,Haines Junction,CA,60.7522,-137.5108,-1.66,91,100,2.06,overcast clouds
99,Tiksi,RU,71.6872,128.8694,-9.74,91,100,7.11,overcast clouds
100,Kodiak,US,57.79,-152.4072,31.51,64,90,16.11,snow
101,Chai Nat,TH,15.1167,100.1,87.08,70,29,1.21,scattered clouds
102,Ekibastuz,KZ,51.6667,75.3667,21.69,55,100,9.62,overcast clouds
103,Bengkulu,ID,-3.8004,102.2655,83.71,69,97,6.51,light rain
104,Ambon,ID,-3.6954,128.1814,89.74,70,40,8.05,scattered clouds
105,Upernavik,GL,72.7868,-56.1549,9.5,73,100,6.55,overcast clouds
106,Hambantota,LK,6.1241,81.1185,84.61,59,79,12.03,broken clouds
107,Skagen,DK,57.7209,10.5839,39.27,86,98,10.92,light rain
108,Jonuta,MX,18.0833,-92.1333,71.55,97,36,1.01,scattered clouds
109,Vire,FR,48.9167,-0.8333,47.59,90,100,4.83,overcast clouds
110,Alice Springs,AU,-23.7,133.8833,81.95,42,33,16.11,scattered clouds
111,Golden Gate,US,26.1879,-81.6951,73.42,68,75,1.99,broken clouds
112,Road Town,VG,18.4167,-64.6167,78.01,75,59,15.1,broken clouds
113,Lagoa,PT,39.05,-27.9833,64.24,78,100,30.8,overcast clouds
114,Saint-Paul-Les-Dax,FR,43.7272,-1.0516,52.32,98,100,0.0,overcast clouds
115,Gigmoto,PH,13.7796,124.39,85.91,70,40,6.04,scattered clouds
116,Coquimbo,CL,-29.9533,-71.3436,56.93,94,90,8.05,overcast clouds
117,Newport,GB,51.5877,-2.9984,48.45,85,56,11.65,broken clouds
118,Muana,BR,-1.5283,-49.2167,76.14,94,82,4.43,heavy intensity rain
119,Emba,KZ,48.8264,58.1442,27.19,78,86,18.97,overcast clouds
120,Nouadhibou,MR,20.931,-17.0347,69.17,80,100,14.09,overcast clouds
121,Katangli,RU,51.7102,143.2326,26.11,63,41,17.2,scattered clouds
122,Illapel,CL,-31.6308,-71.1653,65.5,63,0,1.5,clear sky
123,Yambio,SS,4.5721,28.3955,68.0,87,90,2.91,overcast clouds
124,Adrar,MR,20.5022,-10.0711,76.44,28,100,5.35,overcast clouds
125,Gorom-Gorom,BF,14.4439,-0.2361,76.98,17,8,9.8,clear sky
126,Ilulissat,GL,69.2167,-51.1,24.82,86,75,9.22,snow
127,Mataura,NZ,-46.1927,168.8643,56.23,91,100,4.92,light rain
128,Esfarayen,IR,37.0765,57.5101,40.75,39,22,3.53,few clouds
129,Sechura,PE,-5.5569,-80.8222,64.56,82,91,10.25,overcast clouds
130,Ancud,CL,-41.8697,-73.8203,53.42,95,99,6.02,overcast clouds
131,Qaanaaq,GL,77.484,-69.3632,-8.25,70,0,6.71,clear sky
132,Salym,RU,60.0625,71.4789,20.53,92,100,9.73,overcast clouds
133,San Lorenzo,PY,-25.3333,-57.5333,65.34,82,0,4.61,clear sky
134,Beloha,MG,-25.1667,45.05,74.71,72,72,11.74,broken clouds
135,Cabo San Lucas,MX,22.8909,-109.9124,73.51,73,42,1.99,scattered clouds
136,Zabaykalsk,RU,49.6333,117.3167,17.8,79,100,11.74,overcast clouds
137,Bani,DO,18.2833,-70.3333,77.76,84,13,8.39,few clouds
138,Garowe,SO,8.4054,48.4845,67.82,81,60,8.01,broken clouds
139,Taltal,CL,-25.4,-70.4833,61.93,77,71,2.53,broken clouds
140,Meadville,US,41.6414,-80.1515,43.18,52,1,6.91,clear sky
141,Bilibino,RU,68.0546,166.4372,-14.78,82,23,3.65,few clouds
142,Jining,CN,35.405,116.5814,53.87,47,76,19.13,broken clouds
143,Itarema,BR,-2.9248,-39.9167,81.64,69,61,16.53,broken clouds
144,Chisec,GT,15.8167,-90.2833,69.4,94,100,2.86,overcast clouds
145,Moussoro,TD,13.6408,16.4901,76.28,21,0,11.3,clear sky
146,Pueblo,US,38.2545,-104.6091,52.56,43,90,11.5,overcast clouds
147,Tura,IN,25.5198,90.2201,74.03,56,54,2.95,broken clouds
148,Butaritari,KI,3.0707,172.7902,81.68,70,100,12.75,overcast clouds
149,Bubaque,GW,11.2833,-15.8333,82.85,67,3,8.34,clear sky
150,Bethel,US,41.3712,-73.414,46.76,79,75,0.0,broken clouds
151,Itaqui,BR,-29.1253,-56.5531,66.52,49,0,8.97,clear sky
152,Puerto Morazan,NI,12.8504,-87.1717,74.84,76,17,2.08,few clouds
153,Palafrugell,ES,41.9174,3.1631,52.56,57,100,3.0,light rain
154,Souillac,MU,-20.5167,57.5167,79.36,78,75,8.05,broken clouds
155,Krasnyy Chikoy,RU,50.3643,108.7512,12.45,77,100,9.62,overcast clouds
156,Nanga Eboko,CM,4.6833,12.3667,69.01,98,87,2.35,overcast clouds
157,Peterhead,GB,57.5058,-1.7981,40.12,66,84,29.62,broken clouds
158,Mar Del Plata,AR,-38.0023,-57.5575,73.09,68,99,3.0,overcast clouds
159,Dikson,RU,73.5069,80.5464,-9.51,81,43,16.28,scattered clouds
160,Port Alfred,ZA,-33.5906,26.891,64.45,86,99,17.45,overcast clouds
161,Leningradskiy,RU,69.3833,178.4167,-12.8,88,7,3.29,clear sky
162,Rudnichnyy,RU,59.617,52.4703,25.41,96,100,6.4,light snow
163,Springbok,ZA,-29.6643,17.8865,52.59,68,7,3.33,clear sky
164,Port-Gentil,GA,-0.7193,8.7815,75.94,93,100,9.26,moderate rain
165,Lazaro Cardenas,MX,17.9583,-102.2,76.28,80,1,3.74,clear sky
166,Comodoro Rivadavia,AR,-45.8667,-67.5,62.46,55,0,13.8,clear sky
167,Jamestown,US,42.097,-79.2353,42.39,64,40,6.91,scattered clouds
168,Victoria,HK,22.2855,114.1577,78.85,81,10,3.0,clear sky
169,Hay River,CA,60.8156,-115.7999,-1.16,89,73,4.45,broken clouds
170,Rosamorada,MX,22.1222,-105.2058,69.33,80,6,2.73,clear sky
171,Cherskiy,RU,68.75,161.3,-21.66,100,99,1.97,overcast clouds
172,Qinhuangdao,CN,39.9317,119.5883,41.58,73,78,13.15,broken clouds
173,Lusambo,CD,-4.9667,23.45,67.19,99,91,0.96,overcast clouds
174,Babstovo,RU,48.1167,132.4833,21.6,78,67,4.88,broken clouds
175,Laguna,US,38.421,-121.4238,58.96,83,1,1.99,clear sky
176,Zhigansk,RU,66.7697,123.3711,-26.34,99,89,2.89,overcast clouds
177,Tugulym,RU,57.0591,64.6425,21.27,81,100,12.82,overcast clouds
178,Hofn,IS,64.2539,-15.2082,34.63,55,100,5.35,overcast clouds
179,Touba,CI,8.2833,-7.6833,70.93,59,9,2.91,clear sky
180,Coolum Beach,AU,-26.5333,153.1,84.34,76,99,12.71,overcast clouds
181,Eirunepe,BR,-6.6603,-69.8736,72.75,99,100,1.41,overcast clouds
182,Ganzhou,CN,28.8184,115.4327,58.89,92,100,5.23,overcast clouds
183,Imbituba,BR,-28.24,-48.6703,66.81,85,0,8.37,clear sky
184,Manta,EC,-0.95,-80.7333,71.38,83,90,8.05,overcast clouds
185,Sambava,MG,-14.2667,50.1667,77.58,69,34,5.39,scattered clouds
186,Tutoia,BR,-2.7619,-42.2744,80.69,84,90,13.91,overcast clouds
187,Geraldton,AU,-28.7667,114.6,75.61,60,75,20.71,broken clouds
188,San Cristobal,VE,7.7669,-72.225,69.98,88,93,1.5,overcast clouds
189,Obo,CF,5.3998,26.4869,70.12,78,41,3.67,scattered clouds
190,Curup,ID,-3.4667,102.5333,78.93,69,100,4.05,overcast clouds
191,Iqaluit,CA,63.7506,-68.5145,11.93,73,90,12.66,light snow
192,Thompson,CA,55.7435,-97.8558,10.24,86,94,12.95,overcast clouds
193,Carazinho,BR,-28.2839,-52.7864,58.32,57,0,7.81,clear sky
194,Pisco,PE,-13.7,-76.2167,64.45,82,0,2.3,clear sky
195,Moree,AU,-29.4667,149.85,69.82,88,75,16.11,light rain
196,Khatanga,RU,71.9667,102.5,-20.67,99,100,5.12,overcast clouds
197,Chokurdakh,RU,70.6333,147.9167,-18.17,100,98,6.02,overcast clouds
198,Tamandare,BR,-8.7597,-35.1047,77.63,79,56,9.26,broken clouds
199,Ahipara,NZ,-35.1667,173.1667,71.55,69,64,9.17,broken clouds
200,Sawakin,SD,19.1059,37.3321,77.86,71,77,11.21,broken clouds
201,Samarai,PG,-10.6167,150.6667,83.07,77,36,10.2,scattered clouds
202,La Serena,CL,-29.9078,-71.2542,56.71,94,90,8.05,overcast clouds
203,Manokwari,ID,-0.8667,134.0833,84.04,69,24,4.07,few clouds
204,Chalmette,US,29.9427,-89.9634,64.99,84,1,3.0,clear sky
205,Nemuro,JP,43.3236,145.575,40.98,58,11,7.72,few clouds
206,Longyearbyen,SJ,78.2186,15.6401,6.64,72,75,4.61,broken clouds
207,Camacha,PT,33.0833,-16.3333,63.82,68,40,9.22,scattered clouds
208,Galle,LK,6.0367,80.217,82.92,67,83,13.06,broken clouds
209,Kloulklubed,PW,7.0419,134.2556,85.51,73,98,13.78,overcast clouds
210,Fairbanks,US,64.8378,-147.7164,-11.4,74,1,0.0,clear sky
211,Neuquen,AR,-38.9516,-68.0591,75.09,33,0,13.8,clear sky
212,Kudahuvadhoo,MV,2.6708,72.8944,81.97,77,94,16.22,overcast clouds
213,Paamiut,GL,61.994,-49.6678,26.74,87,79,7.07,broken clouds
214,Moro,PK,26.6646,68.0016,62.46,14,0,5.59,clear sky
215,Vikindu,TZ,-7.0067,39.2985,77.02,76,87,1.05,overcast clouds
216,Banda Aceh,ID,5.5577,95.3222,83.26,74,100,11.05,overcast clouds
217,Hobart,AU,-42.8794,147.3294,65.12,58,40,12.66,scattered clouds
218,Fort Nelson,CA,58.8053,-122.7002,3.36,96,100,1.45,overcast clouds
219,Vostok,RU,46.4856,135.8833,26.94,69,80,2.62,broken clouds
220,Lugovoy,KZ,42.9472,72.7644,42.6,36,5,5.21,clear sky
221,Port Hedland,AU,-20.3167,118.5667,93.25,46,99,13.8,overcast clouds
222,Kavaratti,IN,10.5669,72.642,81.01,78,74,12.59,broken clouds
223,Rocha,UY,-34.4833,-54.3333,57.79,67,0,6.11,clear sky
224,Constitucion,CL,-35.3333,-72.4167,55.42,81,36,5.1,scattered clouds
225,Yulara,AU,-25.2406,130.9889,82.24,36,22,17.27,few clouds
226,Bull Savanna,JM,17.8868,-77.5902,73.89,81,81,3.11,broken clouds
227,Svetlogorsk,BY,52.6333,29.7333,47.88,81,100,18.54,overcast clouds
228,Talwandi Bhai,IN,30.85,74.9333,70.2,22,0,5.88,clear sky
229,Dzaoudzi,YT,-12.7887,45.2699,82.29,69,75,8.05,light rain
230,Husavik,IS,66.0449,-17.3389,24.85,79,100,14.0,overcast clouds
231,Pacifica,US,37.6138,-122.4869,59.41,78,1,3.0,clear sky
232,Cap-Aux-Meules,CA,47.3821,-61.8597,37.42,60,90,5.75,overcast clouds
233,Kununurra,AU,-15.7667,128.7333,98.58,41,40,6.91,scattered clouds
234,Pokhara,NP,28.2333,83.9833,70.09,48,0,3.8,clear sky
235,Coruripe,BR,-10.1256,-36.1756,77.25,80,4,10.76,clear sky
236,Jishou,CN,28.3167,109.7167,53.94,95,100,5.32,overcast clouds
237,Genc,TR,38.7507,40.5603,43.11,95,100,3.53,overcast clouds
238,Liverpool,GB,53.4106,-2.9779,47.68,80,40,7.0,scattered clouds
239,Pevek,RU,69.7008,170.3133,-14.06,99,94,5.39,overcast clouds
240,Rudnogorsk,RU,57.2639,103.7519,3.43,84,95,4.18,overcast clouds
241,Sao Felix Do Xingu,BR,-6.6447,-51.995,71.74,98,42,1.01,scattered clouds
242,Mount Isa,AU,-20.7333,139.5,100.17,23,40,9.22,scattered clouds
243,Bakchar,RU,57.0186,82.0711,17.82,79,100,10.49,overcast clouds
244,Ontario,US,34.0633,-117.6509,66.88,63,75,0.0,haze
245,Xai-Xai,MZ,-25.0519,33.6442,72.36,72,96,8.88,overcast clouds
246,Codrington,AU,-38.2667,141.9667,60.24,61,19,14.07,few clouds
247,Tasiilaq,GL,65.6145,-37.6368,30.36,96,100,8.01,light snow
248,Havoysund,NO,70.9963,24.6622,25.68,58,100,22.75,light snow
249,Lata,PT,40.1629,-8.3327,57.81,82,98,3.65,overcast clouds
250,Cidreira,BR,-30.1811,-50.2056,64.13,78,0,15.61,clear sky
251,Ngunguru,NZ,-35.6167,174.5,72.16,82,62,10.04,broken clouds
252,Pundaguitan,PH,6.3711,126.1689,84.25,69,71,1.95,broken clouds
253,Te Anau,NZ,-45.4167,167.7167,53.17,95,100,4.52,light rain
254,Mbandaka,CD,0.0487,18.2603,69.46,99,95,2.82,moderate rain
255,Kailua,US,21.4022,-157.7394,80.74,75,90,5.75,overcast clouds
256,Hami,CN,42.8,93.45,30.51,34,0,1.61,clear sky
257,Sosnovo-Ozerskoye,RU,52.5249,111.5418,11.16,80,93,7.61,overcast clouds
258,Telhara,IN,21.0269,76.8389,78.82,60,29,11.61,scattered clouds
259,Beyneu,KZ,45.3167,55.2,39.43,83,57,14.25,broken clouds
260,Luderitz,NA,-26.6481,15.1594,56.48,91,0,10.51,clear sky
261,San Antonio Ilotenango,GT,15.0547,-91.2297,59.11,98,95,1.3,overcast clouds
262,Quatre Cocos,MU,-20.2078,57.7625,79.09,69,28,10.47,light rain
263,Jardim,BR,-21.4803,-56.1381,71.02,79,3,3.6,clear sky
264,Boyolangu,ID,-8.1181,111.8935,86.34,65,95,6.15,overcast clouds
265,Isla Mujeres,MX,21.2311,-86.731,75.25,83,99,10.22,overcast clouds
266,Berwick,US,41.0545,-76.2333,41.29,68,100,4.45,overcast clouds
267,Victor Harbor,AU,-35.5667,138.6167,71.8,62,10,3.0,clear sky
268,Kahului,US,20.8947,-156.47,78.84,80,20,4.61,few clouds
269,Otsuchi,JP,39.3667,141.9,50.95,51,41,4.07,scattered clouds
270,Nome,US,64.5011,-165.4064,1.47,66,1,4.61,clear sky
271,Kruisfontein,ZA,-34.0033,24.7314,62.89,82,100,12.01,overcast clouds
272,Belyy Yar,RU,53.6039,91.3903,26.49,56,0,6.71,clear sky
273,Singaparna,ID,-7.3515,108.111,84.52,68,62,2.68,broken clouds
274,Klaksvik,FO,62.2266,-6.589,41.92,76,100,27.45,overcast clouds
275,Jaciara,BR,-15.9653,-54.9683,72.01,93,78,0.83,broken clouds
276,Vestmannaeyjar,IS,63.4427,-20.2734,35.15,65,100,3.27,overcast clouds
277,Prado,BR,-17.3411,-39.2208,73.85,95,100,2.77,overcast clouds
278,Mandera,KE,3.9366,41.867,78.33,72,98,7.09,overcast clouds
279,Bermejillo,MX,25.8833,-103.6167,69.84,46,18,4.07,few clouds
280,San Quintin,MX,30.4833,-115.95,61.11,83,100,5.46,overcast clouds
281,Lewistown,US,40.5992,-77.5714,40.95,71,75,0.0,broken clouds
282,Senno,RU,59.5336,33.9167,30.33,95,100,6.55,light snow
283,Brae,GB,60.3964,-1.353,39.11,65,98,21.47,overcast clouds
284,Salalah,OM,17.0151,54.0924,77.09,57,0,3.44,clear sky
285,Sao Gabriel Da Cachoeira,BR,-0.1303,-67.0892,71.13,100,100,0.96,heavy intensity rain
286,Shingu,JP,33.7333,135.9833,67.19,70,100,7.92,overcast clouds
287,Santa Cruz,BO,-17.8,-63.1667,72.86,83,39,2.3,scattered clouds
288,Ishigaki,JP,24.3448,124.1572,80.73,74,40,6.91,scattered clouds
289,Jumla,NP,29.2747,82.1838,55.89,40,0,3.29,clear sky
290,Moindou,NC,-21.6924,165.677,78.75,67,64,11.92,broken clouds
291,Soe,ID,-9.8607,124.284,87.19,43,88,6.49,overcast clouds
292,Yuzhno-Kurilsk,RU,44.0306,145.8556,39.9,63,95,12.82,overcast clouds
293,Santo Augusto,BR,-27.8508,-53.7772,60.26,51,0,8.57,clear sky
294,Mount Gambier,AU,-37.8333,140.7667,62.69,49,2,11.52,clear sky
295,Xinmin,CN,41.9908,122.8253,35.29,76,100,4.61,overcast clouds
296,Tisul,RU,55.7611,88.3122,22.14,59,100,10.65,overcast clouds
297,Puerto Ayacucho,VE,5.6639,-67.6236,72.72,95,100,5.21,overcast clouds
298,Erenhot,CN,43.6475,111.9767,20.79,67,89,32.75,overcast clouds
299,Saint-Pierre,RE,-21.3393,55.4781,81.57,62,0,4.61,clear sky
300,Mongo,TD,12.1844,18.693,75.45,20,22,7.07,few clouds
301,Guerrero Negro,MX,27.9769,-114.0611,62.11,86,100,9.24,overcast clouds
302,Filimonovo,RU,56.2011,95.4611,19.85,85,100,10.18,overcast clouds
303,Ous,RU,60.9058,61.5186,22.12,96,100,6.29,overcast clouds
304,Dingle,PH,10.9995,122.6711,86.54,71,77,6.76,broken clouds
305,Vardo,NO,70.3705,31.1107,29.86,72,100,31.05,snow
306,Gat,IL,31.61,34.7642,60.4,79,91,6.46,overcast clouds
307,Hobyo,SO,5.3505,48.5268,80.62,66,22,10.71,few clouds
308,Madang,PG,-5.2246,145.7966,84.79,71,92,6.42,overcast clouds
309,Tocopilla,CL,-22.092,-70.1979,65.84,62,11,4.63,few clouds
310,Atar,MR,20.5169,-13.0499,81.45,22,100,2.91,overcast clouds
311,Severnyy,RU,50.677,36.5532,33.84,86,0,11.18,clear sky
312,Udachnyy,RU,66.4167,112.4,-23.08,100,65,5.17,broken clouds
313,Mao,ES,39.8885,4.2658,61.36,88,40,8.05,scattered clouds
314,Ha Tinh,VN,18.3333,105.9,81.57,74,38,3.62,scattered clouds
315,Kazar,HU,48.0495,19.8614,39.45,95,9,2.04,clear sky
316,Ben Tre,VN,10.2333,106.3833,88.68,59,86,5.64,overcast clouds
317,Ercis,TR,39.0287,43.3586,38.8,91,100,3.78,overcast clouds
318,Jiaonan,CN,35.8786,119.9753,50.0,88,100,14.2,overcast clouds
319,Freeport,US,40.6576,-73.5832,48.96,69,75,4.0,broken clouds
320,Thanh Hoa,VN,19.8,105.7667,81.16,74,100,6.73,overcast clouds
321,Severo-Kurilsk,RU,50.6789,156.125,36.05,98,100,14.14,light rain
322,Carutapera,BR,-1.195,-46.02,78.78,86,15,5.99,few clouds
323,Pontianak,ID,-0.0333,109.3333,87.78,66,40,5.75,scattered clouds
324,Sao Miguel Do Araguaia,BR,-13.275,-50.1628,74.26,93,100,3.74,overcast clouds
325,Kjollefjord,NO,70.9457,27.3465,28.13,62,100,21.34,light snow
326,Morehead,US,37.2711,-87.1764,51.55,53,90,6.91,overcast clouds
327,Gushikawa,JP,26.3544,127.8686,80.19,67,1,12.66,clear sky
328,Bathsheba,BB,13.2167,-59.5167,79.41,78,20,12.66,few clouds
329,Sinnamary,GF,5.3833,-52.95,78.48,86,100,7.43,light rain
330,Moundou,TD,8.5667,16.0833,73.47,33,8,1.54,clear sky
331,Lompoc,US,34.6391,-120.4579,63.01,84,1,0.0,clear sky
332,Luena,AO,-11.7833,19.9167,60.06,96,100,1.21,overcast clouds
333,Okha,RU,53.5739,142.9478,29.82,70,100,19.17,overcast clouds
334,Nichinan,JP,31.6,131.3667,68.95,58,100,5.19,overcast clouds
335,Porto Walter,BR,-8.2686,-72.7439,72.34,91,84,0.36,broken clouds
336,Manaure,CO,11.7751,-72.4445,79.27,81,100,12.93,overcast clouds
337,Bossier City,US,32.516,-93.7321,62.78,76,1,10.36,clear sky
338,Aanekoski,FI,62.6946,25.818,30.67,93,88,7.07,overcast clouds
339,Erzin,TR,36.9559,36.2,56.12,70,18,5.61,few clouds
340,Norden,DE,53.6,7.2,48.94,96,100,19.39,overcast clouds
341,Itaberai,BR,-16.0203,-49.8103,71.29,90,100,0.65,overcast clouds
342,Lokhvytsya,UA,50.3678,33.2602,39.97,88,85,11.99,overcast clouds
343,San Antonio,US,29.4241,-98.4936,65.28,89,75,0.0,broken clouds
344,Dunedin,NZ,-45.8742,170.5036,59.65,71,100,5.64,moderate rain
345,Villingen-Schwenningen,DE,48.0667,8.45,35.4,83,0,3.33,clear sky
346,Avera,US,33.194,-82.5271,49.66,60,26,6.76,scattered clouds
347,Namatanai,PG,-3.6667,152.4333,79.92,70,88,5.61,overcast clouds
348,Faanui,PF,-16.4833,-151.75,80.08,74,10,15.52,clear sky
349,Boguchany,RU,58.3814,97.4531,8.87,91,100,3.71,overcast clouds
350,Vila Franca Do Campo,PT,37.7167,-25.4333,66.61,74,87,19.71,overcast clouds
351,Saldanha,ZA,-33.0117,17.9442,60.75,81,28,9.31,scattered clouds
352,Muscat,OM,23.6139,58.5922,75.22,51,13,3.8,few clouds
353,Nelson Bay,AU,-32.7167,152.15,67.75,94,100,4.0,moderate rain
354,Havre-Saint-Pierre,CA,50.2334,-63.5986,34.39,80,90,2.3,overcast clouds
355,Lefka,CY,35.1106,32.8506,61.36,85,71,12.88,broken clouds
356,Douglas,US,41.3,-96.167,49.3,50,90,5.01,overcast clouds
357,Aksarka,RU,66.5606,67.7975,13.23,95,100,8.7,overcast clouds
358,Maningrida,AU,-12.0667,134.2667,91.42,48,100,11.9,overcast clouds
359,Lillooet,CA,50.6856,-121.942,34.52,95,100,4.16,overcast clouds
360,Kashi,CN,39.4547,75.9797,34.23,51,0,4.47,clear sky
361,La Ronge,CA,55.1001,-105.2842,10.08,84,99,15.95,overcast clouds
362,Mokhsogollokh,RU,61.4681,128.9203,-14.67,92,74,0.31,broken clouds
363,Kirkuk,IQ,35.4681,44.3922,57.51,51,86,9.75,overcast clouds
364,Kamaishi,JP,39.2667,141.8833,50.95,51,42,4.12,scattered clouds
365,Nador,MA,35.174,-2.9287,52.05,82,0,2.3,clear sky
366,Moreira Sales,BR,-24.0622,-53.0069,68.5,74,26,4.99,scattered clouds
367,Teguise,ES,29.0605,-13.564,59.22,82,0,8.05,clear sky
368,Vorontsovka,RU,50.6132,40.3549,35.24,76,75,14.56,broken clouds
369,Mgachi,RU,51.05,142.2667,24.31,80,99,8.46,overcast clouds
370,Andenes,NO,69.3143,16.1194,31.98,64,90,21.85,light snow
371,Tual,ID,-5.6667,132.75,83.3,74,83,0.98,broken clouds
372,Dhidhdhoo,MV,6.8833,73.1,81.99,69,98,13.62,overcast clouds
373,Cavalcante,BR,-13.7975,-47.4583,67.23,93,100,3.24,overcast clouds
374,Alpena,US,45.0617,-83.4327,35.11,88,1,3.0,clear sky
375,Sadovyy,RU,53.3,34.3333,37.96,87,0,8.95,clear sky
376,Winfield,US,37.2398,-96.9956,50.77,62,1,3.44,clear sky
377,Nalut,LY,30.3333,10.85,55.74,67,9,9.93,clear sky
378,Port Blair,IN,11.6667,92.75,84.25,74,17,12.62,few clouds
379,Port Macquarie,AU,-31.4333,152.9167,71.56,94,90,6.91,overcast clouds
380,Arcelia,MX,18.2833,-100.2667,71.46,66,4,3.56,clear sky
381,Port Hueneme,US,34.1478,-119.1951,65.79,89,1,3.44,mist
382,Chulumani,BO,-16.4096,-67.5263,63.14,91,90,1.79,overcast clouds
383,Shasta Lake,US,40.6804,-122.3708,59.72,56,1,7.76,clear sky
384,Coahuayana,MX,18.7333,-103.6833,73.56,69,4,4.07,clear sky
385,Caravelas,BR,-17.7125,-39.2481,73.42,96,100,4.34,overcast clouds
386,Bachaquero,VE,9.9694,-71.1494,77.88,82,40,3.27,scattered clouds
387,Pafos,CY,34.7667,32.4167,62.51,67,75,2.3,broken clouds
388,Salinas,US,36.6777,-121.6555,60.51,69,1,3.44,clear sky
389,Ariquemes,BR,-9.9133,-63.0408,72.55,98,87,0.83,overcast clouds
390,Margate,GB,51.3813,1.3862,48.96,81,100,4.0,overcast clouds
391,Landerneau,FR,48.4525,-4.2525,50.76,93,75,4.61,broken clouds
392,Taksimo,RU,56.3444,114.8794,8.94,84,100,2.24,overcast clouds
393,Sao Filipe,CV,14.8961,-24.4956,78.53,78,100,3.06,overcast clouds
394,Port Hawkesbury,CA,45.6169,-61.3485,38.79,75,90,3.0,overcast clouds
395,Doka,SD,13.5167,35.7667,69.15,25,0,8.75,clear sky
396,Linjiang,CN,41.8069,126.9078,36.72,95,100,0.51,overcast clouds
397,Sur,OM,22.5667,59.5289,77.27,51,0,13.11,clear sky
398,Ixtapa,MX,20.7,-105.2,76.23,83,1,0.0,clear sky
399,Angoche,MZ,-16.2325,39.9086,77.76,81,55,3.69,light rain
400,Havelock,US,34.8791,-76.9013,49.95,88,66,6.8,broken clouds
401,Yaan,NG,7.3833,8.5667,74.59,84,12,5.37,few clouds
402,Voh,NC,-20.9667,164.7,81.03,61,74,7.67,broken clouds
403,Mackenzie,CA,55.2999,-123.1698,19.62,93,90,5.75,light snow
404,San Rafael,AR,-34.6177,-68.3301,74.07,37,54,5.32,broken clouds
405,Usinsk,RU,65.9939,57.5281,16.97,95,100,9.66,overcast clouds
406,Kaitangata,NZ,-46.2817,169.8464,57.96,68,100,7.34,light rain
407,Iquitos,PE,-3.7481,-73.2472,75.24,94,90,5.75,overcast clouds
408,West Wendover,US,40.7391,-114.0733,40.21,52,1,13.8,clear sky
409,Ko Samui,TH,9.5357,99.9357,87.71,74,20,5.75,few clouds
410,Totma,RU,59.9747,42.7642,24.53,97,99,3.85,overcast clouds
411,Matamoros,MX,25.5333,-103.25,69.91,37,1,0.0,clear sky
412,Alofi,NU,-19.0595,-169.9187,82.29,69,21,10.36,few clouds
413,Mormugao,IN,15.4,73.8,81.66,78,75,6.91,broken clouds
414,Rovaniemi,FI,66.5,25.7167,20.61,93,75,10.36,broken clouds
415,Visnes,NO,59.3556,5.2242,42.85,81,90,25.32,overcast clouds
416,Palora,EC,-1.7,-77.9333,65.26,97,95,2.95,overcast clouds
417,Launceston,AU,-41.45,147.1667,64.04,60,40,5.99,scattered clouds
418,Belogorsk,RU,50.9158,128.4611,12.78,80,75,3.53,broken clouds
419,Pangnirtung,CA,66.1451,-65.7125,6.22,95,94,3.47,overcast clouds
420,Mindelo,CV,16.8901,-24.9804,76.55,83,0,6.91,clear sky
421,Toguchin,RU,55.2353,84.3858,15.12,78,100,10.67,overcast clouds
422,Narsaq,GL,60.9167,-46.05,32.22,99,100,4.7,snow
423,Roma,US,43.2128,-75.4557,42.66,74,1,6.91,clear sky
424,Kisangani,CD,0.5167,25.2,69.15,99,100,1.36,light rain
425,Asau,RO,46.4333,26.4,40.95,68,54,6.08,broken clouds
426,Siloam Springs,US,36.1881,-94.5405,57.65,66,90,4.61,overcast clouds
427,Yar-Sale,RU,66.8333,70.8333,9.12,94,100,16.26,light snow
428,Opuwo,NA,-18.0607,13.84,66.36,25,1,3.74,clear sky
429,Winnemucca,US,40.973,-117.7357,35.65,69,1,5.75,clear sky
430,Chaozhou,CN,23.6651,116.6379,76.86,58,22,3.96,few clouds
431,Maragogi,BR,-9.0122,-35.2225,77.56,79,41,9.82,scattered clouds
432,Duluth,US,46.7833,-92.1066,32.34,74,20,9.22,few clouds
433,Honiara,SB,-9.4333,159.95,85.87,64,2,5.37,clear sky
434,Korla,CN,41.7597,86.1469,30.79,53,0,4.52,clear sky
435,Khandyga,RU,62.6667,135.6,-19.75,94,98,1.7,overcast clouds
436,Chara,RU,56.9064,118.2631,2.66,92,100,1.19,overcast clouds
437,Marolambo,MG,-20.05,48.1167,74.48,72,68,1.34,broken clouds
438,Vershino-Darasunskiy,RU,52.35,115.5167,9.91,76,100,5.59,overcast clouds
439,Saquarema,BR,-22.92,-42.5103,69.49,75,95,6.26,overcast clouds
440,Mayna,RU,54.1135,47.6231,28.65,93,100,21.85,light snow
441,Muros,ES,42.7762,-9.0603,55.24,94,77,8.01,broken clouds
442,Gazojak,TM,41.1875,61.4036,42.13,46,9,6.53,clear sky
443,Bagdarin,RU,54.4333,113.6,10.2,76,94,2.66,overcast clouds
444,Berlevag,NO,70.8578,29.0864,28.42,70,100,25.68,snow
445,Reinosa,ES,42.9996,-4.138,44.2,85,56,1.99,broken clouds
446,Pochutla,MX,15.7432,-96.4661,76.82,88,2,4.56,clear sky
447,Tucuman,AR,-26.8241,-65.2226,73.4,53,0,8.05,clear sky
448,Yumen,CN,40.2833,97.2,25.09,42,0,11.41,clear sky
449,Diamantino,BR,-14.4086,-56.4461,72.46,96,87,2.33,overcast clouds
450,Lincoln,US,40.8,-96.667,48.15,60,75,1.99,broken clouds
451,Putina,PE,-15.4667,-69.4333,45.46,74,97,0.47,overcast clouds
452,Ruwi,OM,23.5996,58.5507,74.89,50,13,3.85,few clouds
453,Bac Lieu,VN,9.285,105.7244,85.68,69,98,16.04,overcast clouds
454,Maldonado,UY,-34.6667,-54.9167,64.22,65,0,7.23,clear sky
455,Degtyarsk,RU,56.704,60.0879,21.52,87,100,9.22,overcast clouds
456,Kadoma,JP,34.7333,135.5833,68.38,43,75,2.3,broken clouds
457,Lardos,GR,36.0942,28.0157,61.95,57,0,4.47,clear sky
458,Guadalajara,MX,20.6667,-103.3333,61.99,59,1,0.0,clear sky
459,Ossora,RU,59.2353,163.0719,28.74,73,100,12.77,light snow
460,Byron Bay,AU,-28.65,153.6167,77.05,71,100,7.7,moderate rain
461,Nchelenge,ZM,-9.3451,28.734,68.13,87,93,6.24,overcast clouds
462,Goundi,TD,9.3627,17.366,73.87,34,18,3.53,few clouds
463,Kurilsk,RU,45.2333,147.8833,36.68,67,99,18.54,overcast clouds
464,Palmer,US,42.1584,-72.3287,38.52,76,75,3.44,broken clouds
465,Labuhan,ID,-6.8844,112.2051,86.22,64,83,2.44,broken clouds
466,Sabang,ID,5.8933,95.3214,81.28,78,100,14.88,overcast clouds
467,Mambolo,SL,8.9231,-13.0444,77.18,91,2,2.35,clear sky
468,San Andres,CO,12.5847,-81.7006,82.42,83,40,10.36,scattered clouds
469,Del Rio,US,29.3627,-100.8968,66.42,77,1,9.22,clear sky
470,Bainbridge,US,47.6262,-122.5212,43.99,88,1,1.01,clear sky
471,Ostrovnoy,RU,68.0531,39.5131,28.0,88,100,1.66,overcast clouds
472,Visby,SE,57.6409,18.296,43.86,87,75,5.75,light rain
473,Togur,RU,58.3631,82.8265,19.17,83,100,12.08,overcast clouds
474,Lavrentiya,RU,65.5833,-171.0,2.52,89,38,9.57,scattered clouds
475,Raahe,FI,64.6833,24.4833,28.0,68,70,21.72,broken clouds
476,Tabuk,PH,17.4189,121.4443,83.89,66,97,1.81,overcast clouds
477,Kilrush,IE,52.6397,-9.4833,38.95,68,17,13.24,few clouds
478,Nedryhayliv,UA,50.834,33.8763,38.52,88,66,10.02,broken clouds
479,Abu Samrah,SY,35.3029,37.1841,53.47,87,95,7.72,overcast clouds
480,Jacareacanga,BR,-6.2222,-57.7528,74.77,92,100,1.95,overcast clouds
481,Dalvik,IS,65.9702,-18.5286,30.49,70,100,13.94,overcast clouds
482,Sorong,ID,-0.8833,131.25,84.81,68,33,5.84,light rain
483,Chumikan,RU,54.7183,135.315,10.94,70,1,12.06,clear sky
484,Gasa,PS,31.5,34.4667,56.17,75,91,10.2,overcast clouds
485,Sioux Lookout,CA,50.1001,-91.917,30.27,80,90,12.66,overcast clouds
486,Taoudenni,ML,22.6783,-3.9836,74.53,31,95,8.68,overcast clouds
487,Namibe,AO,-15.1961,12.1522,66.97,81,97,4.76,overcast clouds
488,Atambua,ID,-9.1061,124.8925,86.07,63,95,4.27,overcast clouds
489,Saquena,PE,-4.6667,-73.5167,72.95,98,100,2.46,moderate rain
490,Guarapari,BR,-20.6667,-40.4975,71.49,92,100,13.85,overcast clouds
491,Kieta,PG,-6.2167,155.6333,84.06,69,26,3.96,light rain
492,Volosovo,RU,59.4333,29.4833,33.66,87,93,6.64,overcast clouds
493,Sturgeon Falls,CA,46.3646,-79.9326,40.08,95,100,7.4,overcast clouds
494,Mayumba,GA,-3.432,10.6554,75.43,90,100,7.11,overcast clouds
495,Makungu,TZ,-8.7333,35.2833,61.63,80,42,1.5,scattered clouds
496,Araguacu,BR,-12.9306,-49.8264,74.01,92,100,4.16,overcast clouds
497,Touros,BR,-5.1989,-35.4608,76.1,73,94,12.82,overcast clouds
498,Walvis Bay,NA,-22.9575,14.5053,60.1,92,49,2.15,scattered clouds
499,Tessalit,ML,20.1986,1.0114,69.48,32,98,9.64,overcast clouds
500,Batagay,RU,67.6333,134.6333,-19.07,100,99,1.14,overcast clouds
501,Praia Da Vitoria,PT,38.7333,-27.0667,66.76,78,100,28.52,overcast clouds
502,Surt,LY,31.2089,16.5887,65.8,71,47,6.11,scattered clouds
503,Calabozo,VE,8.9242,-67.4293,79.45,63,94,5.17,overcast clouds
504,Westport,US,41.1415,-73.3579,49.75,73,1,10.0,clear sky
505,Vila Velha,BR,-20.3297,-40.2925,71.55,94,90,8.99,overcast clouds
506,Morondava,MG,-20.2833,44.2833,79.23,64,2,3.67,clear sky
507,Bowen,AU,-20.0167,148.2333,79.84,58,46,9.33,scattered clouds
508,Neyyattinkara,IN,8.4,77.0833,84.06,65,61,5.93,broken clouds
509,Yekepa,LR,7.5753,-8.5419,68.02,79,27,1.79,scattered clouds
510,Viedma,AR,-40.8135,-62.9967,68.58,41,72,6.24,broken clouds
511,Makat,KZ,47.6469,53.3463,42.17,94,100,24.2,overcast clouds
512,Algarrobo,CO,10.1869,-74.5753,74.5,93,74,5.46,broken clouds
513,Tirumullaivasal,IN,11.2333,79.8333,81.36,76,41,6.26,scattered clouds
514,Calbuco,CL,-41.768,-73.1273,52.81,94,77,6.17,broken clouds
515,Outlook,CA,51.5001,-107.0513,15.49,88,100,11.54,overcast clouds
516,Yerbogachen,RU,61.2767,108.0108,-0.24,86,100,2.64,overcast clouds
517,Ust-Tsilma,RU,65.441,52.1498,19.67,97,99,3.74,overcast clouds
518,Garden City,US,42.3256,-83.331,40.12,80,90,5.75,overcast clouds
519,Jiwani,PK,25.05,61.7417,72.59,27,11,12.41,few clouds
520,Bonavista,CA,48.6499,-53.1147,35.11,67,95,19.86,overcast clouds
521,Vanavara,RU,60.34,102.2797,-1.8,94,100,4.05,overcast clouds
522,Baoying,CN,33.2292,119.3092,57.63,81,100,9.08,light rain
523,Awjilah,LY,29.1081,21.2869,59.32,68,0,7.94,clear sky
524,Ouadda,CF,8.0777,22.4007,68.7,31,40,5.59,scattered clouds
525,Tanggu,CN,39.0211,117.6469,44.56,33,100,18.66,overcast clouds
526,Myitkyina,MM,25.3833,97.4,78.55,44,3,1.28,clear sky
527,Mitsamiouli,KM,-11.3847,43.2844,80.17,75,9,8.66,clear sky
528,Kadaya,RU,50.9327,119.2911,15.26,83,100,7.7,overcast clouds
529,Talnakh,RU,69.4865,88.3972,-21.01,91,17,9.22,few clouds
530,Ayagoz,KZ,47.9714,80.4392,7.38,79,31,5.73,scattered clouds
531,Pergamino,AR,-33.89,-60.5736,74.52,39,0,8.77,clear sky
532,Hirara,JP,24.8,125.2833,77.18,70,0,8.99,clear sky
533,Taraz,KZ,42.9,71.3667,43.21,31,25,6.71,scattered clouds
534,Poum,NC,-20.2333,164.0167,77.13,73,19,16.24,few clouds
535,Novyy Rogachik,RU,48.6768,44.0608,36.03,89,56,20.04,broken clouds
536,Kangalassy,RU,62.3464,129.9628,-23.87,95,95,1.83,overcast clouds
537,Suntar,RU,62.1444,117.6319,-5.91,94,100,2.51,overcast clouds
538,Les Cayes,HT,18.2,-73.75,74.88,82,92,3.29,overcast clouds
539,Sulangan,PH,11.1373,123.7228,84.33,70,93,4.61,overcast clouds
540,Farrukhnagar,IN,17.0778,78.2011,73.11,83,96,12.15,overcast clouds
541,Sao Joao Da Barra,BR,-21.6403,-41.0511,69.6,83,100,13.42,overcast clouds
542,Los Andes,CL,-32.8337,-70.5983,66.58,57,0,0.81,clear sky
543,Paita,PE,-5.0892,-81.1144,63.55,86,85,9.6,overcast clouds
544,Shimoda,JP,34.6667,138.95,57.11,79,100,10.69,overcast clouds
545,Praia,CV,14.9215,-23.5087,77.54,61,20,9.22,few clouds
546,Mangrol,IN,21.1167,70.1167,82.76,53,96,12.86,overcast clouds
547,Umm Kaddadah,SD,13.6017,26.6876,64.26,31,0,13.27,clear sky
548,Katsuura,JP,35.1333,140.3,62.11,72,100,7.47,overcast clouds
549,Tsabong,BW,-26.0217,22.401,71.22,58,13,22.48,few clouds
550,Bocaiuva,BR,-17.1078,-43.815,71.31,93,100,2.91,light rain
551,Marzuq,YE,14.4,46.4667,69.69,37,8,3.69,clear sky
552,Cedar City,US,37.6775,-113.0619,37.4,61,1,10.36,clear sky
553,Jamiltepec,MX,16.2833,-97.8167,69.71,89,2,3.02,clear sky
554,Constantine,DZ,36.365,6.6147,55.44,67,100,4.52,overcast clouds
555,Corbita,RO,46.15,27.3,32.45,87,19,4.99,few clouds
556,Elliot Lake,CA,46.3834,-82.6331,37.49,93,100,4.23,overcast clouds
557,Imeni Zhelyabova,RU,58.9544,36.5956,30.85,96,100,8.99,light snow
558,Grand-Santi,GF,4.25,-54.3833,72.68,94,86,2.24,overcast clouds
559,Valparaiso,CL,-33.0393,-71.6273,53.24,93,90,3.44,overcast clouds
560,Ballina,AU,-28.8667,153.5667,73.78,91,100,5.1,moderate rain
561,Faya,SA,18.3851,42.4509,50.11,54,0,3.98,clear sky
562,Aripuana,BR,-9.1667,-60.6333,72.81,92,68,0.78,broken clouds
563,Camara De Lobos,PT,32.6333,-16.9667,66.83,81,40,4.0,scattered clouds
564,Nata,PA,8.3333,-80.5167,74.46,89,50,3.89,scattered clouds
565,Anadyr,RU,64.75,177.4833,-17.9,75,54,8.01,fog
566,Nishihara,JP,26.1842,127.7558,80.26,69,20,16.11,few clouds
567,Bairiki,KI,1.3292,172.9752,86.0,70,20,9.22,few clouds
568,Koulikoro,ML,14.0,-7.75,72.09,21,4,8.84,clear sky
569,Mahajanga,MG,-15.7167,46.3167,80.62,83,40,4.61,light rain
570,Verkh-Usugli,RU,52.7,115.1667,12.16,69,100,5.1,overcast clouds
571,Santo Domingo,DO,18.5001,-69.9886,77.94,83,27,5.01,scattered clouds
572,Jiuquan,CN,39.7432,98.5174,26.69,51,0,8.03,clear sky
573,Portland,US,45.5234,-122.6762,44.2,87,1,1.99,clear sky
574,Sungaipenuh,ID,-2.0833,101.3833,76.23,71,97,4.76,overcast clouds
575,Westonaria,ZA,-26.3191,27.6486,58.98,89,97,17.92,overcast clouds
576,Sagua La Grande,CU,22.8067,-80.0756,74.39,89,64,5.91,broken clouds
577,Isny,DE,47.7,10.0333,34.34,96,3,4.68,clear sky
578,Bayir,TR,37.2687,28.2167,37.92,65,0,3.44,clear sky
579,Cacu,BR,-18.5567,-51.1308,71.78,92,98,1.92,overcast clouds
580,Pedra Azul,BR,-16.0053,-41.2972,67.53,97,100,2.37,overcast clouds
581,Pangai,TO,-19.8,-174.35,81.68,77,7,9.06,clear sky
582,Araouane,ML,18.9048,-3.5265,73.56,29,82,10.22,broken clouds
583,Petrykiv,UA,49.5332,25.5809,46.47,79,100,16.28,overcast clouds
584,Las Juntas,MX,19.4167,-104.7,69.21,72,0,4.0,clear sky
585,Bahia Honda,CU,22.9036,-83.1592,76.12,87,100,7.78,light rain
586,Eureka,US,40.8021,-124.1637,47.57,91,38,4.88,scattered clouds
587,Ukiah,US,39.1502,-123.2078,53.02,92,1,0.0,clear sky
588,Kapoeta,SS,4.7717,33.5903,79.21,45,45,4.72,light rain
589,Oneonta,US,42.4529,-75.0638,40.3,71,100,1.01,overcast clouds
590,Saint-Joseph,RE,-21.3667,55.6167,79.18,70,19,5.01,few clouds
591,Worland,US,44.0169,-107.9554,36.55,93,1,5.75,clear sky
592,Black River,JM,18.0264,-77.8487,78.8,84,82,3.85,broken clouds
593,Port Lincoln,AU,-34.7333,135.8667,61.41,56,4,11.97,clear sky
594,Slavgorodskoye,RU,53.0214,78.6435,13.3,76,100,13.67,overcast clouds
595,Soledade,BR,-28.8183,-52.5103,54.73,60,0,4.97,clear sky
596,Lakes Entrance,AU,-37.8811,147.981,64.58,66,51,7.4,broken clouds
597,Khvoynaya,RU,58.9,34.5333,30.96,91,99,10.63,overcast clouds
598,Kabo,CF,7.6994,18.629,73.08,41,70,3.85,broken clouds
599,Hualmay,PE,-11.0964,-77.6139,64.63,85,80,7.81,broken clouds
600,Mariinsk,RU,56.2139,87.7472,18.81,72,100,11.32,overcast clouds
601,Tazovskiy,RU,67.4667,78.7,-4.29,94,100,19.93,overcast clouds
602,Malayal,PH,7.208,121.942,91.2,71,73,4.83,broken clouds
603,Morgan City,US,29.6994,-91.2068,64.99,100,1,5.75,clear sky
604,Esqueda,MX,30.7167,-109.5833,56.5,33,98,4.21,overcast clouds
605,Kandiari,PK,26.9156,68.5216,73.47,13,0,8.21,clear sky
606,Bela Vista,BR,-22.1089,-56.5211,69.69,74,10,2.55,clear sky
607,Rio Grande,BR,-32.035,-52.0986,64.94,79,0,12.57,light rain
608,Nkhata Bay,MW,-11.6066,34.2907,78.58,53,7,3.11,clear sky
609,Buchanan,LR,5.8808,-10.0467,75.16,85,55,3.09,light rain
610,Dillon,US,34.4166,-79.3712,48.11,60,83,6.33,broken clouds
611,Santa Fe,AR,-31.6333,-60.7,72.99,55,0,1.99,light rain
612,Olinda,BR,-8.0089,-34.8553,80.33,74,40,5.75,scattered clouds
613,Yaritagua,VE,10.08,-69.1261,67.26,94,34,3.02,scattered clouds
614,Fredericton,CA,45.9454,-66.6656,29.44,86,75,3.44,broken clouds
615,Buin,CL,-33.7333,-70.75,70.74,71,0,1.01,clear sky
616,Baiyin,CN,36.5583,104.2081,27.03,56,16,5.08,few clouds
617,Port Augusta,AU,-32.5,137.7667,76.71,39,0,18.25,clear sky
618,Clinton,US,42.587,-82.9199,41.02,83,90,0.0,overcast clouds
619,Aguimes,ES,27.9054,-15.4461,61.66,68,20,5.75,few clouds
620,Barra Patuca,HN,15.8,-84.2833,76.87,76,81,7.0,broken clouds
621,Tomatlan,MX,19.9333,-105.25,71.26,74,0,3.15,clear sky
622,Segou,ML,13.4317,-6.2157,75.88,18,3,10.49,clear sky
623,Sept-Iles,CA,50.2001,-66.3821,26.06,83,51,6.49,broken clouds
624,Shadrinsk,RU,56.0852,63.6335,21.85,84,99,17.87,overcast clouds
625,Rawson,AR,-43.3002,-65.1023,69.37,39,96,30.38,overcast clouds
626,Cap Malheureux,MU,-19.9842,57.6142,79.47,68,9,10.0,light rain
627,San Carlos,VE,9.6612,-68.5827,74.12,81,51,2.3,broken clouds
628,Kampene,CD,-3.6,26.6667,66.99,99,100,1.43,overcast clouds
629,Iracoubo,GF,5.4802,-53.2011,78.4,86,100,7.65,overcast clouds
630,Abha,SA,18.2164,42.5053,48.45,81,0,4.61,clear sky
631,Saint George,US,37.1041,-113.5841,57.79,37,1,1.01,clear sky
632,Kabare,CD,-2.4683,28.8242,60.19,88,68,2.33,broken clouds
633,Pedro Velho,BR,-6.4392,-35.2214,77.29,83,94,6.64,overcast clouds
634,Vangaindrano,MG,-23.35,47.6,77.38,76,30,6.64,scattered clouds
635,Saint Anthony,US,45.0205,-93.218,34.32,74,1,0.0,clear sky
636,Sijunjung,ID,-0.6876,100.9537,89.78,54,76,2.39,broken clouds
637,Marsh Harbour,BS,26.5412,-77.0636,76.57,77,100,19.08,overcast clouds
638,High Level,CA,58.5169,-117.136,-5.69,84,75,3.44,broken clouds
639,Mersing,MY,2.4312,103.8405,89.51,70,40,5.75,scattered clouds
640,Astana,KZ,51.1801,71.446,12.15,73,0,15.66,clear sky
641,Ampanihy,MG,-24.7,44.75,73.35,76,88,11.65,overcast clouds
642,Komsomolskiy,UZ,40.4272,71.7189,34.52,47,0,2.3,clear sky
643,Khorixas,NA,-20.3667,14.9667,60.08,38,0,2.57,clear sky
644,Alappuzha,IN,9.49,76.3264,79.72,72,48,3.78,scattered clouds
645,Volsk,RU,52.0333,47.3833,32.88,81,100,23.15,overcast clouds
646,San Felipe,VE,10.3399,-68.7425,72.27,97,72,2.48,broken clouds
647,Ternate,ID,0.8,127.4,85.57,67,15,5.03,few clouds
648,Tuatapere,NZ,-46.1333,167.6833,54.82,96,100,5.01,light rain
649,Jambi,ID,-1.6,103.6167,84.9,74,91,0.87,overcast clouds
650,San Luis,AR,-33.295,-66.3356,73.8,31,57,13.89,broken clouds
651,Berberati,CF,4.2612,15.7922,70.05,90,75,2.06,broken clouds
652,Ucluelet,CA,48.9329,-125.5528,44.1,90,100,2.21,overcast clouds
653,Sarangani,PH,5.4033,125.4636,85.05,69,34,7.43,scattered clouds
654,Dali,CN,25.7,100.1833,63.03,49,1,3.91,clear sky
655,Semirom,IR,31.4167,51.5667,37.9,93,91,4.97,overcast clouds
656,Muri,IN,23.3667,85.8667,78.03,57,90,3.11,overcast clouds
657,Esmeraldas,BR,-19.7625,-44.3139,67.06,96,100,3.78,light rain
658,Kaka,TM,37.3482,59.6143,50.67,31,68,6.82,broken clouds
659,Mayo,US,38.8876,-76.5119,42.12,88,1,1.01,clear sky
660,Bintulu,MY,3.1667,113.0333,86.41,79,20,4.61,few clouds
661,Montepuez,MZ,-13.1256,38.9997,73.29,72,96,5.32,overcast clouds
662,Keflavik,IS,64.0049,-22.5624,34.23,93,90,17.27,light rain
663,Gotsu,JP,35.0,132.2167,66.34,52,100,0.98,overcast clouds
664,Ibra,OM,22.6906,58.5334,71.44,37,0,4.12,clear sky
665,Galveston,US,29.3669,-94.9669,70.0,91,57,12.84,broken clouds
666,Nerchinskiy Zavod,RU,51.3088,119.61,14.72,84,100,5.77,overcast clouds
667,Maun,BW,-19.9833,23.4167,67.96,100,75,11.5,thunderstorm with rain
668,Mustafakemalpasa,TR,40.0353,28.4117,48.11,82,1,2.64,clear sky
669,Tommot,RU,58.9564,126.2925,-4.32,90,71,0.98,broken clouds
670,Shumskiy,RU,54.8318,99.1328,14.02,67,100,5.19,overcast clouds
671,Gizo,SB,-8.103,156.8419,85.05,63,11,4.34,few clouds
672,Monrovia,LR,6.3005,-10.7969,74.97,82,12,3.98,light rain
673,Zhicheng,CN,30.2956,111.5047,56.73,77,100,6.4,overcast clouds
674,Lufilufi,WS,-13.8745,-171.5986,78.58,73,9,14.67,clear sky
675,Magadan,RU,59.5667,150.8,21.85,68,100,12.84,overcast clouds
676,Bogdanovich,RU,56.7803,62.0494,23.49,88,100,19.1,overcast clouds
677,Mecca,SA,21.4267,39.8261,73.42,56,96,8.21,overcast clouds
678,Omsukchan,RU,62.5333,155.8,-7.8,100,91,4.7,overcast clouds
679,Rundu,NA,-17.9333,19.7667,68.2,74,100,5.37,overcast clouds
680,Canchungo,GW,12.0672,-16.0333,75.33,80,8,3.69,clear sky
681,Sobolevo,RU,54.4299,31.8996,36.77,90,100,10.87,overcast clouds
682,Alta Floresta,BR,-9.8756,-56.0861,71.26,96,42,1.99,scattered clouds
683,Keti Bandar,PK,24.1447,67.4497,77.2,20,0,20.29,clear sky
